{
  "tests": [
    {
      "name": "Find",
      "setup": "",
      "run": "gradle test --tests BstTest.testFind",
      "input": "",
      "output": "",
      "comparison": "included",
      "timeout": 1,
      "points": 10
    },
    {
      "name": "Height",
      "setup": "",
      "run": "gradle test --tests BstTest.testHeight",
      "input": "",
      "output": "",
      "comparison": "included",
      "timeout": 1,
      "points": 10
    },
    {
      "name": "In-Order",
      "setup": "",
      "run": "gradle test --tests BstTest.testInOrder",
      "input": "",
      "output": "",
      "comparison": "included",
      "timeout": 10,
      "points": 10
    },
    {
      "name": "Pre-order",
      "setup": "",
      "run": "gradle test --tests BstTest.testPreOrder",
      "input": "",
      "output": "",
      "comparison": "included",
      "timeout": 1,
      "points": 10
    },
    {
      "name": "Level order",
      "setup": "",
      "run": "gradle test --tests BstTest.testLevelOrder",
      "input": "",
      "output": "",
      "comparison": "included",
      "timeout": 1,
      "points": 20
    },
    {
      "name": "Test add",
      "setup": "",
      "run": "gradle test --tests BstTest.testAdd",
      "input": "",
      "output": "",
      "comparison": "included",
      "timeout": 1,
      "points": 20
    },
    {
      "name": "Test delete",
      "setup": "",
      "run": "gradle test --tests BstTest.testDelete",
      "input": "",
      "output": "",
      "comparison": "included",
      "timeout": 1,
      "points": 20
    }
  ]
}