{
  "tests": [
    {
      "name": "Add",
      "setup": "",
      "run": "gradle test --tests SuperArrayTest.testAdd",
      "input": "",
      "output": "",
      "comparison": "included",
      "timeout": 1,
      "points": 20
    },
    {
      "name": "Read",
      "setup": "",
      "run": "gradle test --tests SuperArrayTest.testRead",
      "input": "",
      "output": "",
      "comparison": "included",
      "timeout": 1,
      "points": 20
    },
    {
      "name": "Update",
      "setup": "",
      "run": "gradle test --tests SuperArrayTest.testUpdate",
      "input": "",
      "output": "",
      "comparison": "included",
      "timeout": 1,
      "points": 20
    },
    {
      "name": "Delete by index",
      "setup": "",
      "run": "gradle test --tests SuperArrayTest.testDeleteByIndex",
      "input": "",
      "output": "",
      "comparison": "included",
      "timeout": 1,
      "points": 20
    },
    {
      "name": "Delete by account",
      "setup": "",
      "run": "gradle test --tests SuperArrayTest.testDeleteByAccount",
      "input": "",
      "output": "",
      "comparison": "included",
      "timeout": 1,
      "points": 20
    }
  ]
}