{
  "tests": [
    {
      "name": "Test put",
      "setup": "",
      "run": "gradle test --tests HashMapTest.testPut",
      "input": "",
      "output": "",
      "comparison": "included",
      "timeout": 1,
      "points": 30
    },
    {
      "name": "Test get",
      "setup": "",
      "run": "gradle test --tests HashMapTest.testGet",
      "input": "",
      "output": "",
      "comparison": "included",
      "timeout": 1,
      "points": 30
    },
    {
      "name": "Test update",
      "setup": "",
      "run": "gradle test --tests HashMapTest.testUpdate",
      "input": "",
      "output": "",
      "comparison": "included",
      "timeout": 1,
      "points": 30
    },
    {
      "name": "Test delete",
      "setup": "",
      "run": "gradle test --tests HashMapTest.testDelete",
      "input": "",
      "output": "",
      "comparison": "included",
      "timeout": 1,
      "points": 30
    }
  ]
}