{
  "tests": [
    {
      "name": "Test heap offer and contains",
      "setup": "gradle test --tests MinHeapTest.testContains",
      "run": "gradle test",
      "input": "",
      "output": "",
      "comparison": "included",
      "timeout": 1,
      "points": 20
    },
    {
      "name": "Test heap peek",
      "setup": "gradle test --tests MinHeapTest.testHeapPeek",
      "run": "gradle test",
      "input": "",
      "output": "",
      "comparison": "included",
      "timeout": 1,
      "points": 20
    },
    {
      "name": "Test heap poll",
      "setup": "",
      "run": "gradle test --tests MinHeapTest.testHeapPoll",
      "input": "",
      "output": "",
      "comparison": "included",
      "timeout": 1,
      "points": 20
    },
    {
      "name": "Test k closest points",
      "setup": "",
      "run": "gradle test --tests KClosestTest",
      "input": "",
      "output": "",
      "comparison": "included",
      "timeout": 1,
      "points": 40
    }
  ]
}