{
  "tests": [
    {
      "name": "Test Push",
      "setup": "",
      "run": "gradle test --tests LinkedListTest.testPush",
      "input": "",
      "output": "",
      "comparison": "included",
      "timeout": 1,
      "points": 15
    },
    {
      "name": "Test Insert",
      "setup": "",
      "run": "gradle test --tests LinkedListTest.testInsert",
      "input": "",
      "output": "",
      "comparison": "included",
      "timeout": 1,
      "points": 15
    },
    {
      "name": "Test find",
      "setup": "",
      "run": "gradle test --tests LinkedListTest.testFind",
      "input": "",
      "output": "",
      "comparison": "included",
      "timeout": 1,
      "points": 15
    },
    {
      "name": "Test delete",
      "setup": "",
      "run": "gradle test --tests LinkedListTest.testDelete",
      "input": "",
      "output": "",
      "comparison": "included",
      "timeout": 1,
      "points": 15
    }
  ]
}